{
  "Air": {
    "name": "Air",
    "colorRatio": 0.02096177558569667,
    "meanHue": 195.1164208866266,
    "hueBuckets": [
      0.18355356081899857,
      0,
      0,
      0,
      0,
      0,
      0.0160087537094314,
      0,
      0.8004376854715699,
      0,
      0,
      0
    ],
    "meanR": 128.00616522811345,
    "meanG": 120.35141800246609,
    "meanB": 119.82244143033292
  },
  "Water": {
    "name": "Water",
    "colorRatio": 0.16769420468557336,
    "meanHue": 233.1215227280182,
    "hueBuckets": [
      0.02964447402914462,
      0,
      0,
      0,
      0,
      0,
      0.0019919026765733974,
      0.08899560489700442,
      0.8793680183972772,
      0,
      0,
      0
    ],
    "meanR": 93.91122071516646,
    "meanG": 86.66337854500617,
    "meanB": 105.3908754623921
  },
  "Earth": {
    "name": "Earth",
    "colorRatio": 0.21948212083847102,
    "meanHue": 51.98960367160884,
    "hueBuckets": [
      0.014334708666340599,
      0.911688990402881,
      0,
      0,
      0,
      0,
      0.0014505157045250714,
      0,
      0.07252578522625357,
      0,
      0,
      0
    ],
    "meanR": 103.1553637484587,
    "meanG": 90.5672009864365,
    "meanB": 80.06905055487053
  },
  "Fire": {
    "name": "Fire",
    "colorRatio": 0.2675709001233046,
    "meanHue": 19.234217785958574,
    "hueBuckets": [
      0.9388037531471404,
      0,
      0,
      0,
      0,
      0,
      0.001199926408879602,
      0,
      0.0599963204439801,
      0,
      0,
      0
    ],
    "meanR": 116.91245376078915,
    "meanG": 79.83353884093711,
    "meanB": 76.54993834771886
  },
  "Mind": {
    "name": "Mind",
    "colorRatio": 0.2441430332922318,
    "meanHue": 59.79393640728305,
    "hueBuckets": [
      0.08798600705242443,
      0.8268716370038248,
      0.001637227058375333,
      0.001342526187867773,
      0,
      0,
      0.0016110314254413277,
      0,
      0.08055157127206639,
      0,
      0,
      0
    ],
    "meanR": 108.07398273736128,
    "meanG": 94.1245376078915,
    "meanB": 80.93588162762022
  },
  "Body": {
    "name": "Body",
    "colorRatio": 0.12453760789149199,
    "meanHue": 226.05679473618198,
    "hueBuckets": [
      0.043305470741535394,
      0.00621096626741019,
      0.0052029036795059195,
      0.0026014518397529597,
      0,
      0,
      0.003121742207703552,
      0.6605182147135623,
      0.27903925055052964,
      0,
      0,
      0
    ],
    "meanR": 89.79284833538841,
    "meanG": 83.29716399506782,
    "meanB": 95.80147965474723
  },
  "Chaos": {
    "name": "Chaos",
    "colorRatio": 0.2096177558569667,
    "meanHue": 62.65716752698437,
    "hueBuckets": [
      0.024364193821655073,
      0.8705832653601995,
      0,
      0,
      0.0017373341198289466,
      0,
      0,
      0,
      0.0916282057935459,
      0.002895556866381581,
      0.0016287507373396314,
      0.007162693301049164
    ],
    "meanR": 126.28606658446363,
    "meanG": 111.64611590628853,
    "meanB": 92.93711467324292
  },
  "Death": {
    "name": "Death",
    "colorRatio": 0.032059186189889025,
    "meanHue": 214.72128877316771,
    "hueBuckets": [
      0.1302039584498133,
      0,
      0,
      0,
      0.015659106976560495,
      0,
      0,
      0,
      0.7829553488280246,
      0,
      0,
      0.07118158574560149
    ],
    "meanR": 123.03945745992601,
    "meanG": 115.39580764488286,
    "meanB": 114.87299630086314
  },
  "Cosmic": {
    "name": "Cosmic",
    "colorRatio": 0.2466091245376079,
    "meanHue": 71.20883637146447,
    "hueBuckets": [
      0.014260395862588354,
      0.9043907011579637,
      0.006553607113643645,
      0.0012024967180997513,
      0,
      0,
      0.0014429960617197016,
      0,
      0.07214980308598508,
      0,
      0,
      0
    ],
    "meanR": 124.7003699136868,
    "meanG": 117.70283600493218,
    "meanB": 81.21085080147965
  },
  "Law": {
    "name": "Law",
    "colorRatio": 0.25400739827373614,
    "meanHue": 234.62518088198834,
    "hueBuckets": [
      0.013593728594083834,
      0.0043716269555612855,
      0,
      0.0011462805225490827,
      0,
      0,
      0.0013755366270588995,
      0.7949274927280998,
      0.18458533457264728,
      0,
      0,
      0
    ],
    "meanR": 86.78051787916152,
    "meanG": 81.29716399506782,
    "meanB": 119.3600493218249
  },
  "Nature": {
    "name": "Nature",
    "colorRatio": 0.15906288532675708,
    "meanHue": 134.4671895774151,
    "hueBuckets": [
      0.019946769415838193,
      0,
      0,
      0.016950643576068073,
      0.8601644491464056,
      0,
      0.0020183948600330922,
      0,
      0.1009197430016546,
      0,
      0,
      0
    ],
    "meanR": 91.8754623921085,
    "meanG": 100.14180024660912,
    "meanB": 85.62022194821208
  },
  "Blood": {
    "name": "Blood",
    "colorRatio": 0.17016029593094945,
    "meanHue": 29.776391483950235,
    "hueBuckets": [
      0.9119851316882546,
      0,
      0,
      0.0014150300371663248,
      0,
      0,
      0.0016980360445995899,
      0,
      0.08490180222997949,
      0,
      0,
      0
    ],
    "meanR": 108.86066584463624,
    "meanG": 87.37484586929716,
    "meanB": 83.8877928483354
  },
  "Astral": {
    "name": "Astral",
    "colorRatio": 0.17262638717632553,
    "meanHue": 273.3779978569301,
    "hueBuckets": [
      0.04482173059383693,
      0,
      0,
      0.0037795573459527576,
      0,
      0,
      0.00453546881514331,
      0,
      0.22677344075716546,
      0.015517271529147485,
      0.7045725309587544,
      0
    ],
    "meanR": 120.49075215782985,
    "meanG": 108.15906288532676,
    "meanB": 112.78545006165228
  },
  "Soul": {
    "name": "Soul",
    "colorRatio": 0.18495684340320592,
    "meanHue": 233.87838922222912,
    "hueBuckets": [
      0.022542833995117768,
      0,
      0,
      0.0019009068301471684,
      0,
      0,
      0.0022810881961766024,
      0.6654517199293382,
      0.30782345104921965,
      0,
      0,
      0
    ],
    "meanR": 108.56843403205919,
    "meanG": 101.74352651048089,
    "meanB": 116.5154130702836
  },
  "Time": {
    "name": "Time",
    "colorRatio": 0.14268440145102781,
    "meanHue": 81.84200815789028,
    "hueBuckets": [
      0.002354913271047644,
      0.6648534939667066,
      0.20580635772875305,
      0,
      0,
      0,
      0,
      0,
      0.12460723437743454,
      0,
      0,
      0.0023780006560579106
    ],
    "meanR": 120.75211608222492,
    "meanG": 112.82950423216445,
    "meanB": 98.77509068923821
  }
}